-- ========================================
-- Siwar Ayari COMPLETE Data Export
-- Generated: 2026-04-28T08:57:39.788Z
-- ========================================

SET session_replication_role = 'replica';

-- USER
INSERT INTO "User" (id, email, password, "fullName", role, "createdAt", department, active, capacity, "departmentId", "serviceType", "teamLeaderId")
VALUES ('12eab8ad-a1dc-4008-81eb-fbff6b2f804b', 'siwar.ayari@arstunisie.com', '$2b$10$T8.R0LzqsycSqaMxRzZdhOv.mofQ1uQ3e9VTLpO7vaUlnN2D0ZniW', 'Siwar Ayari', 'GESTIONNAIRE_SENIOR', '2026-04-07T09:15:16.416Z', 'Équipe Métier', true, 60, NULL, NULL, NULL)
ON CONFLICT (id) DO UPDATE SET email = EXCLUDED.email, "fullName" = EXCLUDED."fullName", role = EXCLUDED.role, active = EXCLUDED.active;

-- COMPAGNIES ASSURANCE (1)
INSERT INTO "CompagnieAssurance" (id, nom, code, adresse, telephone, email, statut, "createdAt", "updatedAt")
VALUES ('162484a6-507e-458e-b4d9-2e6abea90e52', 'STAR ASSURANCES', 'STARASSUR', NULL, NULL, NULL, 'ACTIF', '2026-04-07T09:29:24.205Z', '2026-04-07T09:29:24.205Z')
ON CONFLICT (id) DO NOTHING;

-- CLIENTS (2)
INSERT INTO "Client" (id, name, "reglementDelay", "reclamationDelay", "createdAt", "updatedAt", "slaConfig", address, email, phone, status, "chargeCompteId", "contractDocumentPath", "compagnieAssuranceId", "modeRecuperation")
VALUES ('343c32a7-7bf2-4a1f-a0f2-b5cd5712494c', 'ZOPPAS CADRES', 15, 48, '2026-04-14T13:52:22.570Z', '2026-04-14T13:52:22.570Z', '{"slaThreshold":15}'::jsonb, NULL, NULL, NULL, 'active', NULL, NULL, '162484a6-507e-458e-b4d9-2e6abea90e52', NULL)
ON CONFLICT (id) DO UPDATE SET name = EXCLUDED.name, "reglementDelay" = EXCLUDED."reglementDelay", "reclamationDelay" = EXCLUDED."reclamationDelay", "compagnieAssuranceId" = EXCLUDED."compagnieAssuranceId";
INSERT INTO "Client" (id, name, "reglementDelay", "reclamationDelay", "createdAt", "updatedAt", "slaConfig", address, email, phone, status, "chargeCompteId", "contractDocumentPath", "compagnieAssuranceId", "modeRecuperation")
VALUES ('193af8db-e0b8-4e39-a676-dc95d68e6ee7', 'ZOPPAS NON CADRES', 15, 48, '2026-04-14T13:52:39.452Z', '2026-04-14T13:52:39.452Z', '{"slaThreshold":15}'::jsonb, NULL, NULL, NULL, 'active', NULL, NULL, '162484a6-507e-458e-b4d9-2e6abea90e52', NULL)
ON CONFLICT (id) DO UPDATE SET name = EXCLUDED.name, "reglementDelay" = EXCLUDED."reglementDelay", "reclamationDelay" = EXCLUDED."reclamationDelay", "compagnieAssuranceId" = EXCLUDED."compagnieAssuranceId";

-- CONTRACTS (2)
INSERT INTO "Contract" (id, "assignedManagerId", "teamLeaderId", "clientId", "clientName", "codeAssure", "createdAt", "delaiReclamation", "delaiReglement", "documentPath", "escalationThreshold", "updatedAt", "endDate", "startDate", signature, version, thresholds)
VALUES ('8d07b420-d3da-4d95-91f7-6b8caa978c62', NULL, '12eab8ad-a1dc-4008-81eb-fbff6b2f804b', '193af8db-e0b8-4e39-a676-dc95d68e6ee7', '600250000402', '13368', '2026-04-14T13:53:28.691Z', 48, 15, '', 13, '2026-04-28T07:45:17.213Z', '2100-12-31T00:00:00.000Z', '2026-01-01T00:00:00.000Z', NULL, 1, NULL)
ON CONFLICT (id) DO UPDATE SET "teamLeaderId" = EXCLUDED."teamLeaderId";
INSERT INTO "Contract" (id, "assignedManagerId", "teamLeaderId", "clientId", "clientName", "codeAssure", "createdAt", "delaiReclamation", "delaiReglement", "documentPath", "escalationThreshold", "updatedAt", "endDate", "startDate", signature, version, thresholds)
VALUES ('c34ee177-0acb-4760-8d38-f2e55740f0bb', NULL, '12eab8ad-a1dc-4008-81eb-fbff6b2f804b', '343c32a7-7bf2-4a1f-a0f2-b5cd5712494c', '600250000401', '13368', '2026-04-14T13:53:02.677Z', 48, 15, '', 13, '2026-04-28T07:45:17.222Z', '2100-12-31T00:00:00.000Z', '2026-01-01T00:00:00.000Z', NULL, 1, NULL)
ON CONFLICT (id) DO UPDATE SET "teamLeaderId" = EXCLUDED."teamLeaderId";

-- BORDEREAUX (4)
INSERT INTO "Bordereau" (id, reference, "clientId", "contractId", type, "dateReception", "dateDebutScan", "dateFinScan", "dateReceptionSante", "dateCloture", "dateDepotVirement", "dateExecutionVirement", "delaiReglement", statut, "nombreBS", "createdAt", "updatedAt", "currentHandlerId", "teamId", "assignedToUserId", "prestataireId", priority, archived, "chargeCompteId", "dateLimiteTraitement", "dateReceptionBO", "dateAffectation", "dateReceptionEquipeSante", "dateReelleCloture", "nombreJourTraitement", "scanStatus", "completionRate", "documentStatus")
VALUES ('cbb7430a-5713-48f3-bdca-eefbf30e904f', 'BR-N°10-2026', '343c32a7-7bf2-4a1f-a0f2-b5cd5712494c', 'c34ee177-0acb-4760-8d38-f2e55740f0bb', 'BULLETIN_SOIN', '2026-04-16T00:00:00.000Z', '2026-04-27T12:46:59.685Z', '2026-04-27T12:47:48.699Z', '2026-04-27T12:47:48.699Z', NULL, NULL, NULL, 15, 'EN_COURS', 1, '2026-04-27T12:46:24.621Z', '2026-04-27T12:47:48.700Z', '32705b82-6003-490c-a14d-acaa056dd146', NULL, '12eab8ad-a1dc-4008-81eb-fbff6b2f804b', NULL, 1, false, NULL, NULL, '2026-04-16T00:00:00.000Z', NULL, NULL, NULL, null, 'NON_SCANNE', 0, 'NORMAL')
ON CONFLICT (id) DO NOTHING;
INSERT INTO "Bordereau" (id, reference, "clientId", "contractId", type, "dateReception", "dateDebutScan", "dateFinScan", "dateReceptionSante", "dateCloture", "dateDepotVirement", "dateExecutionVirement", "delaiReglement", statut, "nombreBS", "createdAt", "updatedAt", "currentHandlerId", "teamId", "assignedToUserId", "prestataireId", priority, archived, "chargeCompteId", "dateLimiteTraitement", "dateReceptionBO", "dateAffectation", "dateReceptionEquipeSante", "dateReelleCloture", "nombreJourTraitement", "scanStatus", "completionRate", "documentStatus")
VALUES ('d75d83d0-5a75-4c81-af1c-cd884c99fa6d', 'ZNC-BULLETIN-2026-97940-BR-N°10-2026', '193af8db-e0b8-4e39-a676-dc95d68e6ee7', '8d07b420-d3da-4d95-91f7-6b8caa978c62', 'BULLETIN_SOIN', '2026-04-16T00:00:00.000Z', '2026-04-27T12:49:33.679Z', '2026-04-27T12:49:38.716Z', '2026-04-27T12:49:38.716Z', NULL, NULL, NULL, 15, 'EN_COURS', 1, '2026-04-27T12:49:07.579Z', '2026-04-27T12:49:38.717Z', '32705b82-6003-490c-a14d-acaa056dd146', NULL, '12eab8ad-a1dc-4008-81eb-fbff6b2f804b', NULL, 1, false, NULL, NULL, '2026-04-16T00:00:00.000Z', NULL, NULL, NULL, null, 'NON_SCANNE', 0, 'NORMAL')
ON CONFLICT (id) DO NOTHING;
INSERT INTO "Bordereau" (id, reference, "clientId", "contractId", type, "dateReception", "dateDebutScan", "dateFinScan", "dateReceptionSante", "dateCloture", "dateDepotVirement", "dateExecutionVirement", "delaiReglement", statut, "nombreBS", "createdAt", "updatedAt", "currentHandlerId", "teamId", "assignedToUserId", "prestataireId", priority, archived, "chargeCompteId", "dateLimiteTraitement", "dateReceptionBO", "dateAffectation", "dateReceptionEquipeSante", "dateReelleCloture", "nombreJourTraitement", "scanStatus", "completionRate", "documentStatus")
VALUES ('0564ebdd-53f8-4df2-bd93-63466fd9488a', 'ZNC-BULLETIN-2026-20031-BR-N°09-2026', '193af8db-e0b8-4e39-a676-dc95d68e6ee7', '8d07b420-d3da-4d95-91f7-6b8caa978c62', 'BULLETIN_SOIN', '2026-04-13T00:00:00.000Z', '2026-04-27T12:51:55.580Z', '2026-04-27T12:52:07.453Z', '2026-04-27T12:52:07.453Z', NULL, NULL, NULL, 15, 'EN_COURS', 1, '2026-04-27T12:51:21.393Z', '2026-04-27T12:57:30.683Z', '32705b82-6003-490c-a14d-acaa056dd146', NULL, '12eab8ad-a1dc-4008-81eb-fbff6b2f804b', NULL, 1, false, NULL, NULL, '2026-04-12T00:00:00.000Z', NULL, NULL, NULL, null, 'NON_SCANNE', 0, 'NORMAL')
ON CONFLICT (id) DO NOTHING;
INSERT INTO "Bordereau" (id, reference, "clientId", "contractId", type, "dateReception", "dateDebutScan", "dateFinScan", "dateReceptionSante", "dateCloture", "dateDepotVirement", "dateExecutionVirement", "delaiReglement", statut, "nombreBS", "createdAt", "updatedAt", "currentHandlerId", "teamId", "assignedToUserId", "prestataireId", priority, archived, "chargeCompteId", "dateLimiteTraitement", "dateReceptionBO", "dateAffectation", "dateReceptionEquipeSante", "dateReelleCloture", "nombreJourTraitement", "scanStatus", "completionRate", "documentStatus")
VALUES ('ed84e845-e609-47cd-b4ba-4b0309603696', 'ZC-BULLETIN-2026-67164-BR-N°09-2026', '343c32a7-7bf2-4a1f-a0f2-b5cd5712494c', 'c34ee177-0acb-4760-8d38-f2e55740f0bb', 'BULLETIN_SOIN', '2026-04-13T00:00:00.000Z', '2026-04-27T12:50:36.803Z', '2026-04-27T12:50:52.900Z', '2026-04-27T12:50:52.901Z', NULL, NULL, NULL, 15, 'EN_COURS', 1, '2026-04-27T12:50:10.074Z', '2026-04-27T12:57:44.341Z', '32705b82-6003-490c-a14d-acaa056dd146', NULL, '12eab8ad-a1dc-4008-81eb-fbff6b2f804b', NULL, 1, false, NULL, NULL, '2026-04-16T00:00:00.000Z', NULL, NULL, NULL, null, 'NON_SCANNE', 0, 'NORMAL')
ON CONFLICT (id) DO NOTHING;

-- DOCUMENTS (30)
INSERT INTO "Document" (id, name, type, path, "uploadedAt", "uploadedById", "bordereauId", "ocrResult", "ocrText", status, hash, "barcodeValues", "batchId", "colorMode", "imprinterIds", "ingestStatus", "ingestTimestamp", "operatorId", "pageCount", resolution, "scannerModel", "assignedToUserId", "assignedAt", "assignedByUserId", priority, "slaApplicable", "statusModifiedByGestionnaire")
VALUES ('85200f4e-0957-4a29-9946-1b685b63a31d', 'BS-9949929.pdf', 'BULLETIN_SOIN', 'uploads/manual-scan/cbb7430a-5713-48f3-bdca-eefbf30e904f/1777294019819_BS-9949929.pdf', '2026-04-27T12:46:59.824Z', '32705b82-6003-490c-a14d-acaa056dd146', 'cbb7430a-5713-48f3-bdca-eefbf30e904f', NULL, NULL, 'TRAITE', '124584b502b8e4f0d22774f05a815c47', ARRAY[]::text[], NULL, NULL, ARRAY[]::text[], NULL, NULL, NULL, null, null, NULL, NULL, NULL, NULL, 1, true, false)
ON CONFLICT (id) DO NOTHING;
INSERT INTO "Document" (id, name, type, path, "uploadedAt", "uploadedById", "bordereauId", "ocrResult", "ocrText", status, hash, "barcodeValues", "batchId", "colorMode", "imprinterIds", "ingestStatus", "ingestTimestamp", "operatorId", "pageCount", resolution, "scannerModel", "assignedToUserId", "assignedAt", "assignedByUserId", priority, "slaApplicable", "statusModifiedByGestionnaire")
VALUES ('b423f8ca-cdcf-4693-8943-88e878cd5bc4', 'BS-9949928.pdf', 'BULLETIN_SOIN', 'uploads/manual-scan/cbb7430a-5713-48f3-bdca-eefbf30e904f/1777294019810_BS-9949928.pdf', '2026-04-27T12:46:59.817Z', '32705b82-6003-490c-a14d-acaa056dd146', 'cbb7430a-5713-48f3-bdca-eefbf30e904f', NULL, NULL, 'TRAITE', 'cd2a0d379c0642bbfe7efbddcad3be8c', ARRAY[]::text[], NULL, NULL, ARRAY[]::text[], NULL, NULL, NULL, null, null, NULL, NULL, NULL, NULL, 1, true, false)
ON CONFLICT (id) DO NOTHING;
INSERT INTO "Document" (id, name, type, path, "uploadedAt", "uploadedById", "bordereauId", "ocrResult", "ocrText", status, hash, "barcodeValues", "batchId", "colorMode", "imprinterIds", "ingestStatus", "ingestTimestamp", "operatorId", "pageCount", resolution, "scannerModel", "assignedToUserId", "assignedAt", "assignedByUserId", priority, "slaApplicable", "statusModifiedByGestionnaire")
VALUES ('255f1e0a-8b0b-46e3-840a-d7515d8ab137', 'BS-9949270.pdf', 'BULLETIN_SOIN', 'uploads/manual-scan/cbb7430a-5713-48f3-bdca-eefbf30e904f/1777294019801_BS-9949270.pdf', '2026-04-27T12:46:59.806Z', '32705b82-6003-490c-a14d-acaa056dd146', 'cbb7430a-5713-48f3-bdca-eefbf30e904f', NULL, NULL, 'TRAITE', '756cd0fcfce4188104592fb0148935e7', ARRAY[]::text[], NULL, NULL, ARRAY[]::text[], NULL, NULL, NULL, null, null, NULL, NULL, NULL, NULL, 1, true, false)
ON CONFLICT (id) DO NOTHING;
INSERT INTO "Document" (id, name, type, path, "uploadedAt", "uploadedById", "bordereauId", "ocrResult", "ocrText", status, hash, "barcodeValues", "batchId", "colorMode", "imprinterIds", "ingestStatus", "ingestTimestamp", "operatorId", "pageCount", resolution, "scannerModel", "assignedToUserId", "assignedAt", "assignedByUserId", priority, "slaApplicable", "statusModifiedByGestionnaire")
VALUES ('4b34317e-1539-4e1e-ba45-b16a40ce63e6', 'BS-1381054.pdf', 'BULLETIN_SOIN', 'uploads/manual-scan/cbb7430a-5713-48f3-bdca-eefbf30e904f/1777294019692_BS-1381054.pdf', '2026-04-27T12:46:59.696Z', '32705b82-6003-490c-a14d-acaa056dd146', 'cbb7430a-5713-48f3-bdca-eefbf30e904f', NULL, NULL, 'TRAITE', '4e6cbba2c2e11589ff1673f2f2a27337', ARRAY[]::text[], NULL, NULL, ARRAY[]::text[], NULL, NULL, NULL, null, null, NULL, NULL, NULL, NULL, 1, true, false)
ON CONFLICT (id) DO NOTHING;
INSERT INTO "Document" (id, name, type, path, "uploadedAt", "uploadedById", "bordereauId", "ocrResult", "ocrText", status, hash, "barcodeValues", "batchId", "colorMode", "imprinterIds", "ingestStatus", "ingestTimestamp", "operatorId", "pageCount", resolution, "scannerModel", "assignedToUserId", "assignedAt", "assignedByUserId", priority, "slaApplicable", "statusModifiedByGestionnaire")
VALUES ('a2ba6bad-05bd-4192-9f9d-5d77b6bc3601', 'BS-1381591.pdf', 'BULLETIN_SOIN', 'uploads/manual-scan/cbb7430a-5713-48f3-bdca-eefbf30e904f/1777294019737_BS-1381591.pdf', '2026-04-27T12:46:59.742Z', '32705b82-6003-490c-a14d-acaa056dd146', 'cbb7430a-5713-48f3-bdca-eefbf30e904f', NULL, NULL, 'TRAITE', '10b7d1661e394b8f0712b0eacc69843e', ARRAY[]::text[], NULL, NULL, ARRAY[]::text[], NULL, NULL, NULL, null, null, NULL, NULL, NULL, NULL, 1, true, false)
ON CONFLICT (id) DO NOTHING;
INSERT INTO "Document" (id, name, type, path, "uploadedAt", "uploadedById", "bordereauId", "ocrResult", "ocrText", status, hash, "barcodeValues", "batchId", "colorMode", "imprinterIds", "ingestStatus", "ingestTimestamp", "operatorId", "pageCount", resolution, "scannerModel", "assignedToUserId", "assignedAt", "assignedByUserId", priority, "slaApplicable", "statusModifiedByGestionnaire")
VALUES ('ac111144-73e6-4eef-baaa-36f3e9b63f89', 'BS-1381290.pdf', 'BULLETIN_SOIN', 'uploads/manual-scan/cbb7430a-5713-48f3-bdca-eefbf30e904f/1777294019725_BS-1381290.pdf', '2026-04-27T12:46:59.730Z', '32705b82-6003-490c-a14d-acaa056dd146', 'cbb7430a-5713-48f3-bdca-eefbf30e904f', NULL, NULL, 'TRAITE', '7537d2de58f402956ec42e9136d90a6e', ARRAY[]::text[], NULL, NULL, ARRAY[]::text[], NULL, NULL, NULL, null, null, NULL, NULL, NULL, NULL, 1, true, false)
ON CONFLICT (id) DO NOTHING;
INSERT INTO "Document" (id, name, type, path, "uploadedAt", "uploadedById", "bordereauId", "ocrResult", "ocrText", status, hash, "barcodeValues", "batchId", "colorMode", "imprinterIds", "ingestStatus", "ingestTimestamp", "operatorId", "pageCount", resolution, "scannerModel", "assignedToUserId", "assignedAt", "assignedByUserId", priority, "slaApplicable", "statusModifiedByGestionnaire")
VALUES ('4bab8310-43a4-436c-9c18-c3d0fd947bee', 'BS-1381225.pdf', 'BULLETIN_SOIN', 'uploads/manual-scan/cbb7430a-5713-48f3-bdca-eefbf30e904f/1777294019714_BS-1381225.pdf', '2026-04-27T12:46:59.718Z', '32705b82-6003-490c-a14d-acaa056dd146', 'cbb7430a-5713-48f3-bdca-eefbf30e904f', NULL, NULL, 'TRAITE', 'b08d2714bc553376670f123e90761b6e', ARRAY[]::text[], NULL, NULL, ARRAY[]::text[], NULL, NULL, NULL, null, null, NULL, NULL, NULL, NULL, 1, true, false)
ON CONFLICT (id) DO NOTHING;
INSERT INTO "Document" (id, name, type, path, "uploadedAt", "uploadedById", "bordereauId", "ocrResult", "ocrText", status, hash, "barcodeValues", "batchId", "colorMode", "imprinterIds", "ingestStatus", "ingestTimestamp", "operatorId", "pageCount", resolution, "scannerModel", "assignedToUserId", "assignedAt", "assignedByUserId", priority, "slaApplicable", "statusModifiedByGestionnaire")
VALUES ('cf1de476-8e08-4e9f-a8d0-65490a81e412', 'BS-1381713.pdf', 'BULLETIN_SOIN', 'uploads/manual-scan/cbb7430a-5713-48f3-bdca-eefbf30e904f/1777294019780_BS-1381713.pdf', '2026-04-27T12:46:59.796Z', '32705b82-6003-490c-a14d-acaa056dd146', 'cbb7430a-5713-48f3-bdca-eefbf30e904f', NULL, NULL, 'TRAITE', 'a7510c8f78b887213098f0f859419686', ARRAY[]::text[], NULL, NULL, ARRAY[]::text[], NULL, NULL, NULL, null, null, NULL, NULL, NULL, NULL, 1, true, false)
ON CONFLICT (id) DO NOTHING;
INSERT INTO "Document" (id, name, type, path, "uploadedAt", "uploadedById", "bordereauId", "ocrResult", "ocrText", status, hash, "barcodeValues", "batchId", "colorMode", "imprinterIds", "ingestStatus", "ingestTimestamp", "operatorId", "pageCount", resolution, "scannerModel", "assignedToUserId", "assignedAt", "assignedByUserId", priority, "slaApplicable", "statusModifiedByGestionnaire")
VALUES ('6ef0caf9-f87b-4de3-8e7f-7083970589c6', 'BS-1381708.pdf', 'BULLETIN_SOIN', 'uploads/manual-scan/cbb7430a-5713-48f3-bdca-eefbf30e904f/1777294019773_BS-1381708.pdf', '2026-04-27T12:46:59.777Z', '32705b82-6003-490c-a14d-acaa056dd146', 'cbb7430a-5713-48f3-bdca-eefbf30e904f', NULL, NULL, 'TRAITE', '339c0d6d58d5bc8c19ae5db8050fdacd', ARRAY[]::text[], NULL, NULL, ARRAY[]::text[], NULL, NULL, NULL, null, null, NULL, NULL, NULL, NULL, 1, true, false)
ON CONFLICT (id) DO NOTHING;
INSERT INTO "Document" (id, name, type, path, "uploadedAt", "uploadedById", "bordereauId", "ocrResult", "ocrText", status, hash, "barcodeValues", "batchId", "colorMode", "imprinterIds", "ingestStatus", "ingestTimestamp", "operatorId", "pageCount", resolution, "scannerModel", "assignedToUserId", "assignedAt", "assignedByUserId", priority, "slaApplicable", "statusModifiedByGestionnaire")
VALUES ('7f597cf1-0325-42db-8385-4212b254e7a3', 'BS-1381597.pdf', 'BULLETIN_SOIN', 'uploads/manual-scan/cbb7430a-5713-48f3-bdca-eefbf30e904f/1777294019763_BS-1381597.pdf', '2026-04-27T12:46:59.769Z', '32705b82-6003-490c-a14d-acaa056dd146', 'cbb7430a-5713-48f3-bdca-eefbf30e904f', NULL, NULL, 'TRAITE', '2f0941c2cedf2f728bd3fa0311390829', ARRAY[]::text[], NULL, NULL, ARRAY[]::text[], NULL, NULL, NULL, null, null, NULL, NULL, NULL, NULL, 1, true, false)
ON CONFLICT (id) DO NOTHING;
INSERT INTO "Document" (id, name, type, path, "uploadedAt", "uploadedById", "bordereauId", "ocrResult", "ocrText", status, hash, "barcodeValues", "batchId", "colorMode", "imprinterIds", "ingestStatus", "ingestTimestamp", "operatorId", "pageCount", resolution, "scannerModel", "assignedToUserId", "assignedAt", "assignedByUserId", priority, "slaApplicable", "statusModifiedByGestionnaire")
VALUES ('e5f88469-ead1-43ef-b022-6a055dc6c8a8', 'BS-1381173.pdf', 'BULLETIN_SOIN', 'uploads/manual-scan/d75d83d0-5a75-4c81-af1c-cd884c99fa6d/1777294173683_BS-1381173.pdf', '2026-04-27T12:49:33.688Z', '32705b82-6003-490c-a14d-acaa056dd146', 'd75d83d0-5a75-4c81-af1c-cd884c99fa6d', NULL, NULL, 'TRAITE', '1232f0dcd693fd0f0dcd786edf070885', ARRAY[]::text[], NULL, NULL, ARRAY[]::text[], NULL, NULL, NULL, null, null, NULL, NULL, NULL, NULL, 1, true, false)
ON CONFLICT (id) DO NOTHING;
INSERT INTO "Document" (id, name, type, path, "uploadedAt", "uploadedById", "bordereauId", "ocrResult", "ocrText", status, hash, "barcodeValues", "batchId", "colorMode", "imprinterIds", "ingestStatus", "ingestTimestamp", "operatorId", "pageCount", resolution, "scannerModel", "assignedToUserId", "assignedAt", "assignedByUserId", priority, "slaApplicable", "statusModifiedByGestionnaire")
VALUES ('c1e53277-148d-4668-92df-c28b57281a68', 'BS-1381292.pdf', 'BULLETIN_SOIN', 'uploads/manual-scan/d75d83d0-5a75-4c81-af1c-cd884c99fa6d/1777294173701_BS-1381292.pdf', '2026-04-27T12:49:33.718Z', '32705b82-6003-490c-a14d-acaa056dd146', 'd75d83d0-5a75-4c81-af1c-cd884c99fa6d', NULL, NULL, 'UPLOADED', '6c7c041a354ffa3b7a7f456c9fc5ceaf', ARRAY[]::text[], NULL, NULL, ARRAY[]::text[], NULL, NULL, NULL, null, null, NULL, NULL, NULL, NULL, 1, true, false)
ON CONFLICT (id) DO NOTHING;
INSERT INTO "Document" (id, name, type, path, "uploadedAt", "uploadedById", "bordereauId", "ocrResult", "ocrText", status, hash, "barcodeValues", "batchId", "colorMode", "imprinterIds", "ingestStatus", "ingestTimestamp", "operatorId", "pageCount", resolution, "scannerModel", "assignedToUserId", "assignedAt", "assignedByUserId", priority, "slaApplicable", "statusModifiedByGestionnaire")
VALUES ('256cf0f1-81ba-4a70-876a-f4010e6410d3', 'BS-1381992.pdf', 'BULLETIN_SOIN', 'uploads/manual-scan/d75d83d0-5a75-4c81-af1c-cd884c99fa6d/1777294173776_BS-1381992.pdf', '2026-04-27T12:49:33.782Z', '32705b82-6003-490c-a14d-acaa056dd146', 'd75d83d0-5a75-4c81-af1c-cd884c99fa6d', NULL, NULL, 'TRAITE', '6e0c8757588e79199b6ff517ae833a8a', ARRAY[]::text[], NULL, NULL, ARRAY[]::text[], NULL, NULL, NULL, null, null, NULL, NULL, NULL, NULL, 1, true, false)
ON CONFLICT (id) DO NOTHING;
INSERT INTO "Document" (id, name, type, path, "uploadedAt", "uploadedById", "bordereauId", "ocrResult", "ocrText", status, hash, "barcodeValues", "batchId", "colorMode", "imprinterIds", "ingestStatus", "ingestTimestamp", "operatorId", "pageCount", resolution, "scannerModel", "assignedToUserId", "assignedAt", "assignedByUserId", priority, "slaApplicable", "statusModifiedByGestionnaire")
VALUES ('5015f909-d7aa-40e9-a098-f92c7aa6393a', 'BS-1381742.pdf', 'BULLETIN_SOIN', 'uploads/manual-scan/d75d83d0-5a75-4c81-af1c-cd884c99fa6d/1777294173768_BS-1381742.pdf', '2026-04-27T12:49:33.774Z', '32705b82-6003-490c-a14d-acaa056dd146', 'd75d83d0-5a75-4c81-af1c-cd884c99fa6d', NULL, NULL, 'TRAITE', 'd595411d7a33388977fcd892f539b86e', ARRAY[]::text[], NULL, NULL, ARRAY[]::text[], NULL, NULL, NULL, null, null, NULL, NULL, NULL, NULL, 1, true, false)
ON CONFLICT (id) DO NOTHING;
INSERT INTO "Document" (id, name, type, path, "uploadedAt", "uploadedById", "bordereauId", "ocrResult", "ocrText", status, hash, "barcodeValues", "batchId", "colorMode", "imprinterIds", "ingestStatus", "ingestTimestamp", "operatorId", "pageCount", resolution, "scannerModel", "assignedToUserId", "assignedAt", "assignedByUserId", priority, "slaApplicable", "statusModifiedByGestionnaire")
VALUES ('aff2e820-ec55-4586-a2fd-9b23923fc96c', 'BS-1381706.pdf', 'BULLETIN_SOIN', 'uploads/manual-scan/d75d83d0-5a75-4c81-af1c-cd884c99fa6d/1777294173760_BS-1381706.pdf', '2026-04-27T12:49:33.765Z', '32705b82-6003-490c-a14d-acaa056dd146', 'd75d83d0-5a75-4c81-af1c-cd884c99fa6d', NULL, NULL, 'TRAITE', '9504ba7ead89c636d7851ddf93c4c15a', ARRAY[]::text[], NULL, NULL, ARRAY[]::text[], NULL, NULL, NULL, null, null, NULL, NULL, NULL, NULL, 1, true, false)
ON CONFLICT (id) DO NOTHING;
INSERT INTO "Document" (id, name, type, path, "uploadedAt", "uploadedById", "bordereauId", "ocrResult", "ocrText", status, hash, "barcodeValues", "batchId", "colorMode", "imprinterIds", "ingestStatus", "ingestTimestamp", "operatorId", "pageCount", resolution, "scannerModel", "assignedToUserId", "assignedAt", "assignedByUserId", priority, "slaApplicable", "statusModifiedByGestionnaire")
VALUES ('2e39b6f4-fff0-4653-957b-4709e8e0c2c6', 'BS-1381705.pdf', 'BULLETIN_SOIN', 'uploads/manual-scan/d75d83d0-5a75-4c81-af1c-cd884c99fa6d/1777294173752_BS-1381705.pdf', '2026-04-27T12:49:33.757Z', '32705b82-6003-490c-a14d-acaa056dd146', 'd75d83d0-5a75-4c81-af1c-cd884c99fa6d', NULL, NULL, 'TRAITE', '11d97d0b2e18e0b4bc56d46b4ac492d0', ARRAY[]::text[], NULL, NULL, ARRAY[]::text[], NULL, NULL, NULL, null, null, NULL, NULL, NULL, NULL, 1, true, false)
ON CONFLICT (id) DO NOTHING;
INSERT INTO "Document" (id, name, type, path, "uploadedAt", "uploadedById", "bordereauId", "ocrResult", "ocrText", status, hash, "barcodeValues", "batchId", "colorMode", "imprinterIds", "ingestStatus", "ingestTimestamp", "operatorId", "pageCount", resolution, "scannerModel", "assignedToUserId", "assignedAt", "assignedByUserId", priority, "slaApplicable", "statusModifiedByGestionnaire")
VALUES ('356792d1-40c4-429c-95f5-cc2e38aa2cb8', 'BS-1381671.pdf', 'BULLETIN_SOIN', 'uploads/manual-scan/d75d83d0-5a75-4c81-af1c-cd884c99fa6d/1777294173741_BS-1381671.pdf', '2026-04-27T12:49:33.748Z', '32705b82-6003-490c-a14d-acaa056dd146', 'd75d83d0-5a75-4c81-af1c-cd884c99fa6d', NULL, NULL, 'TRAITE', '66cc455ee12fee0cfe089a7e0770d6b2', ARRAY[]::text[], NULL, NULL, ARRAY[]::text[], NULL, NULL, NULL, null, null, NULL, NULL, NULL, NULL, 1, true, false)
ON CONFLICT (id) DO NOTHING;
INSERT INTO "Document" (id, name, type, path, "uploadedAt", "uploadedById", "bordereauId", "ocrResult", "ocrText", status, hash, "barcodeValues", "batchId", "colorMode", "imprinterIds", "ingestStatus", "ingestTimestamp", "operatorId", "pageCount", resolution, "scannerModel", "assignedToUserId", "assignedAt", "assignedByUserId", priority, "slaApplicable", "statusModifiedByGestionnaire")
VALUES ('6bc707ad-f7f9-4b4b-b4cf-497b774c7019', 'BS-1381667.pdf', 'BULLETIN_SOIN', 'uploads/manual-scan/d75d83d0-5a75-4c81-af1c-cd884c99fa6d/1777294173733_BS-1381667.pdf', '2026-04-27T12:49:33.738Z', '32705b82-6003-490c-a14d-acaa056dd146', 'd75d83d0-5a75-4c81-af1c-cd884c99fa6d', NULL, NULL, 'TRAITE', '7ca2013191654b72bdb90915f67b3fe6', ARRAY[]::text[], NULL, NULL, ARRAY[]::text[], NULL, NULL, NULL, null, null, NULL, NULL, NULL, NULL, 1, true, false)
ON CONFLICT (id) DO NOTHING;
INSERT INTO "Document" (id, name, type, path, "uploadedAt", "uploadedById", "bordereauId", "ocrResult", "ocrText", status, hash, "barcodeValues", "batchId", "colorMode", "imprinterIds", "ingestStatus", "ingestTimestamp", "operatorId", "pageCount", resolution, "scannerModel", "assignedToUserId", "assignedAt", "assignedByUserId", priority, "slaApplicable", "statusModifiedByGestionnaire")
VALUES ('d3444e9f-4e75-4db6-b61a-464bdf612fe8', 'BS-1381645.pdf', 'BULLETIN_SOIN', 'uploads/manual-scan/d75d83d0-5a75-4c81-af1c-cd884c99fa6d/1777294173724_BS-1381645.pdf', '2026-04-27T12:49:33.729Z', '32705b82-6003-490c-a14d-acaa056dd146', 'd75d83d0-5a75-4c81-af1c-cd884c99fa6d', NULL, NULL, 'TRAITE', 'a23b058ac69dd77e3b1375c8c7c3d17e', ARRAY[]::text[], NULL, NULL, ARRAY[]::text[], NULL, NULL, NULL, null, null, NULL, NULL, NULL, NULL, 1, true, false)
ON CONFLICT (id) DO NOTHING;
INSERT INTO "Document" (id, name, type, path, "uploadedAt", "uploadedById", "bordereauId", "ocrResult", "ocrText", status, hash, "barcodeValues", "batchId", "colorMode", "imprinterIds", "ingestStatus", "ingestTimestamp", "operatorId", "pageCount", resolution, "scannerModel", "assignedToUserId", "assignedAt", "assignedByUserId", priority, "slaApplicable", "statusModifiedByGestionnaire")
VALUES ('69610d6b-1c8b-418b-8f4c-b036916cea44', 'BS-1381623.pdf', 'BULLETIN_SOIN', 'uploads/manual-scan/ed84e845-e609-47cd-b4ba-4b0309603696/1777294236864_BS-1381623.pdf', '2026-04-27T12:50:36.880Z', '32705b82-6003-490c-a14d-acaa056dd146', '0564ebdd-53f8-4df2-bd93-63466fd9488a', NULL, NULL, 'TRAITE', '1e9cd5aad3b215ef1f3faeac3689f292', ARRAY[]::text[], NULL, NULL, ARRAY[]::text[], NULL, NULL, NULL, null, null, NULL, NULL, NULL, NULL, 1, true, false)
ON CONFLICT (id) DO NOTHING;
INSERT INTO "Document" (id, name, type, path, "uploadedAt", "uploadedById", "bordereauId", "ocrResult", "ocrText", status, hash, "barcodeValues", "batchId", "colorMode", "imprinterIds", "ingestStatus", "ingestTimestamp", "operatorId", "pageCount", resolution, "scannerModel", "assignedToUserId", "assignedAt", "assignedByUserId", priority, "slaApplicable", "statusModifiedByGestionnaire")
VALUES ('619a17c8-91b1-43e2-9b04-7caf9885cae5', 'BS-1381177.pdf', 'BULLETIN_SOIN', 'uploads/manual-scan/ed84e845-e609-47cd-b4ba-4b0309603696/1777294236811_BS-1381177.pdf', '2026-04-27T12:50:36.834Z', '32705b82-6003-490c-a14d-acaa056dd146', 'ed84e845-e609-47cd-b4ba-4b0309603696', NULL, NULL, 'TRAITE', '0ceddc4a36117b2f68f1041fe5e1d506', ARRAY[]::text[], NULL, NULL, ARRAY[]::text[], NULL, NULL, NULL, null, null, NULL, NULL, NULL, NULL, 1, true, false)
ON CONFLICT (id) DO NOTHING;
INSERT INTO "Document" (id, name, type, path, "uploadedAt", "uploadedById", "bordereauId", "ocrResult", "ocrText", status, hash, "barcodeValues", "batchId", "colorMode", "imprinterIds", "ingestStatus", "ingestTimestamp", "operatorId", "pageCount", resolution, "scannerModel", "assignedToUserId", "assignedAt", "assignedByUserId", priority, "slaApplicable", "statusModifiedByGestionnaire")
VALUES ('71c517f1-0d10-4ebb-bf97-0bd3f72b4601', 'BS-1381281.pdf', 'BULLETIN_SOIN', 'uploads/manual-scan/ed84e845-e609-47cd-b4ba-4b0309603696/1777294236843_BS-1381281.pdf', '2026-04-27T12:50:36.861Z', '32705b82-6003-490c-a14d-acaa056dd146', 'ed84e845-e609-47cd-b4ba-4b0309603696', NULL, NULL, 'TRAITE', '523e31c1f401e5d571d9ca38007ee777', ARRAY[]::text[], NULL, NULL, ARRAY[]::text[], NULL, NULL, NULL, null, null, NULL, NULL, NULL, NULL, 1, true, false)
ON CONFLICT (id) DO NOTHING;
INSERT INTO "Document" (id, name, type, path, "uploadedAt", "uploadedById", "bordereauId", "ocrResult", "ocrText", status, hash, "barcodeValues", "batchId", "colorMode", "imprinterIds", "ingestStatus", "ingestTimestamp", "operatorId", "pageCount", resolution, "scannerModel", "assignedToUserId", "assignedAt", "assignedByUserId", priority, "slaApplicable", "statusModifiedByGestionnaire")
VALUES ('cf38b25a-53f8-4107-a86d-1421a20e8156', 'BS-1381094.pdf', 'BULLETIN_SOIN', 'uploads/manual-scan/0564ebdd-53f8-4df2-bd93-63466fd9488a/1777294315586_BS-1381094.pdf', '2026-04-27T12:51:55.601Z', '32705b82-6003-490c-a14d-acaa056dd146', '0564ebdd-53f8-4df2-bd93-63466fd9488a', NULL, NULL, 'TRAITE', 'aa60eaf917be38d91012e5e90aa40d4a', ARRAY[]::text[], NULL, NULL, ARRAY[]::text[], NULL, NULL, NULL, null, null, NULL, NULL, NULL, NULL, 1, true, false)
ON CONFLICT (id) DO NOTHING;
INSERT INTO "Document" (id, name, type, path, "uploadedAt", "uploadedById", "bordereauId", "ocrResult", "ocrText", status, hash, "barcodeValues", "batchId", "colorMode", "imprinterIds", "ingestStatus", "ingestTimestamp", "operatorId", "pageCount", resolution, "scannerModel", "assignedToUserId", "assignedAt", "assignedByUserId", priority, "slaApplicable", "statusModifiedByGestionnaire")
VALUES ('538bef76-6e5a-4309-b4af-c90f4954af0b', 'BS-1381677.pdf', 'BULLETIN_SOIN', 'uploads/manual-scan/0564ebdd-53f8-4df2-bd93-63466fd9488a/1777294315774_BS-1381677.pdf', '2026-04-27T12:51:55.792Z', '32705b82-6003-490c-a14d-acaa056dd146', '0564ebdd-53f8-4df2-bd93-63466fd9488a', NULL, NULL, 'TRAITE', 'ec92b3ec1c271920b3a8ad29a66611d5', ARRAY[]::text[], NULL, NULL, ARRAY[]::text[], NULL, NULL, NULL, null, null, NULL, NULL, NULL, NULL, 1, true, false)
ON CONFLICT (id) DO NOTHING;
INSERT INTO "Document" (id, name, type, path, "uploadedAt", "uploadedById", "bordereauId", "ocrResult", "ocrText", status, hash, "barcodeValues", "batchId", "colorMode", "imprinterIds", "ingestStatus", "ingestTimestamp", "operatorId", "pageCount", resolution, "scannerModel", "assignedToUserId", "assignedAt", "assignedByUserId", priority, "slaApplicable", "statusModifiedByGestionnaire")
VALUES ('1077da08-df50-4155-af0e-ee7d6123dbd1', 'BS-1381658.pdf', 'BULLETIN_SOIN', 'uploads/manual-scan/0564ebdd-53f8-4df2-bd93-63466fd9488a/1777294315751_BS-1381658.pdf', '2026-04-27T12:51:55.770Z', '32705b82-6003-490c-a14d-acaa056dd146', '0564ebdd-53f8-4df2-bd93-63466fd9488a', NULL, NULL, 'TRAITE', '561c7602cbf7a8ed843af0f5c1588ace', ARRAY[]::text[], NULL, NULL, ARRAY[]::text[], NULL, NULL, NULL, null, null, NULL, NULL, NULL, NULL, 1, true, false)
ON CONFLICT (id) DO NOTHING;
INSERT INTO "Document" (id, name, type, path, "uploadedAt", "uploadedById", "bordereauId", "ocrResult", "ocrText", status, hash, "barcodeValues", "batchId", "colorMode", "imprinterIds", "ingestStatus", "ingestTimestamp", "operatorId", "pageCount", resolution, "scannerModel", "assignedToUserId", "assignedAt", "assignedByUserId", priority, "slaApplicable", "statusModifiedByGestionnaire")
VALUES ('1b7471a5-7d03-486f-b6b1-ed8762b2caa4', 'BS-1381631.pdf', 'BULLETIN_SOIN', 'uploads/manual-scan/0564ebdd-53f8-4df2-bd93-63466fd9488a/1777294315677_BS-1381631.pdf', '2026-04-27T12:51:55.693Z', '32705b82-6003-490c-a14d-acaa056dd146', '0564ebdd-53f8-4df2-bd93-63466fd9488a', NULL, NULL, 'TRAITE', '7ea974d3ef69b9a9a886bafca3b33709', ARRAY[]::text[], NULL, NULL, ARRAY[]::text[], NULL, NULL, NULL, null, null, NULL, NULL, NULL, NULL, 1, true, false)
ON CONFLICT (id) DO NOTHING;
INSERT INTO "Document" (id, name, type, path, "uploadedAt", "uploadedById", "bordereauId", "ocrResult", "ocrText", status, hash, "barcodeValues", "batchId", "colorMode", "imprinterIds", "ingestStatus", "ingestTimestamp", "operatorId", "pageCount", resolution, "scannerModel", "assignedToUserId", "assignedAt", "assignedByUserId", priority, "slaApplicable", "statusModifiedByGestionnaire")
VALUES ('e15c8383-3901-481e-b57b-602d833fb58b', 'BS-1381632.pdf', 'BULLETIN_SOIN', 'uploads/manual-scan/0564ebdd-53f8-4df2-bd93-63466fd9488a/1777294315698_BS-1381632.pdf', '2026-04-27T12:51:55.719Z', '32705b82-6003-490c-a14d-acaa056dd146', '0564ebdd-53f8-4df2-bd93-63466fd9488a', NULL, NULL, 'TRAITE', '8fdf2d102fe2a01c988d62057781957f', ARRAY[]::text[], NULL, NULL, ARRAY[]::text[], NULL, NULL, NULL, null, null, NULL, NULL, NULL, NULL, 1, true, false)
ON CONFLICT (id) DO NOTHING;
INSERT INTO "Document" (id, name, type, path, "uploadedAt", "uploadedById", "bordereauId", "ocrResult", "ocrText", status, hash, "barcodeValues", "batchId", "colorMode", "imprinterIds", "ingestStatus", "ingestTimestamp", "operatorId", "pageCount", resolution, "scannerModel", "assignedToUserId", "assignedAt", "assignedByUserId", priority, "slaApplicable", "statusModifiedByGestionnaire")
VALUES ('e2b3f939-4d5e-42f2-97a2-e66118af268f', 'BS-1381650.pdf', 'BULLETIN_SOIN', 'uploads/manual-scan/0564ebdd-53f8-4df2-bd93-63466fd9488a/1777294315725_BS-1381650.pdf', '2026-04-27T12:51:55.742Z', '32705b82-6003-490c-a14d-acaa056dd146', '0564ebdd-53f8-4df2-bd93-63466fd9488a', NULL, NULL, 'TRAITE', 'b4ebdff8bef43991580cf8349a82cdbd', ARRAY[]::text[], NULL, NULL, ARRAY[]::text[], NULL, NULL, NULL, null, null, NULL, NULL, NULL, NULL, 1, true, false)
ON CONFLICT (id) DO NOTHING;
INSERT INTO "Document" (id, name, type, path, "uploadedAt", "uploadedById", "bordereauId", "ocrResult", "ocrText", status, hash, "barcodeValues", "batchId", "colorMode", "imprinterIds", "ingestStatus", "ingestTimestamp", "operatorId", "pageCount", resolution, "scannerModel", "assignedToUserId", "assignedAt", "assignedByUserId", priority, "slaApplicable", "statusModifiedByGestionnaire")
VALUES ('1661c2d8-8eb0-499b-a16e-a1a1dbc0f274', 'BS-1381188.pdf', 'BULLETIN_SOIN', 'uploads/manual-scan/0564ebdd-53f8-4df2-bd93-63466fd9488a/1777294315629_BS-1381188.pdf', '2026-04-27T12:51:55.668Z', '32705b82-6003-490c-a14d-acaa056dd146', 'ed84e845-e609-47cd-b4ba-4b0309603696', NULL, NULL, 'TRAITE', 'a746d068b7b25314772a2cd6b5d6abdf', ARRAY[]::text[], NULL, NULL, ARRAY[]::text[], NULL, NULL, NULL, null, null, NULL, NULL, NULL, NULL, 1, true, false)
ON CONFLICT (id) DO NOTHING;
INSERT INTO "Document" (id, name, type, path, "uploadedAt", "uploadedById", "bordereauId", "ocrResult", "ocrText", status, hash, "barcodeValues", "batchId", "colorMode", "imprinterIds", "ingestStatus", "ingestTimestamp", "operatorId", "pageCount", resolution, "scannerModel", "assignedToUserId", "assignedAt", "assignedByUserId", priority, "slaApplicable", "statusModifiedByGestionnaire")
VALUES ('37289ce5-9366-4fc0-9aef-33564729c001', 'BS-1381596.pdf', 'BULLETIN_SOIN', 'uploads/manual-scan/cbb7430a-5713-48f3-bdca-eefbf30e904f/1777294019749_BS-1381596.pdf', '2026-04-27T12:46:59.757Z', '32705b82-6003-490c-a14d-acaa056dd146', 'cbb7430a-5713-48f3-bdca-eefbf30e904f', NULL, NULL, 'TRAITE', '81282e294a49241563a3fab99fb4bf4f', ARRAY[]::text[], NULL, NULL, ARRAY[]::text[], NULL, NULL, NULL, null, null, NULL, NULL, NULL, NULL, 1, true, false)
ON CONFLICT (id) DO NOTHING;

-- ADHERENTS (0)

-- DONNEURS D'ORDRE (0)

-- ORDRES VIREMENT (0)

-- VIREMENT ITEMS (0)

-- BULLETIN SOINS (0)

SET session_replication_role = 'origin';
